adobe,1
adobe,2
adobe,3
adobe,4
adobe,5
adobe,6
adobe,7
adobe,8
adobe,9
adobe,10
adobe,11
adobe,12
adobe,13
adobe,14
adobe,15
adobe,16
adobe,18
adobe,19
adobe,20
adobe,21
adobe,22
adobe,23
adobe,24
adobe,25
adobe,26
adobe,28
adobe,29
adobe,30
adobe,31
adobe,32
adobe,33
adobe,35
adobe,36
adobe,37
adobe,38
adobe,40
adobe,41
adobe,42
adobe,44
adobe,45
adobe,46
adobe,47
adobe,48
adobe,49
adobe,50
adobe,51
adobe,53
adobe,54
adobe,55
adobe,56
adobe,57
adobe,59
adobe,61
adobe,62
adobe,64
adobe,65
adobe,66
adobe,67
adobe,70
adobe,71
adobe,72
adobe,73
adobe,74
adobe,76
adobe,77
adobe,78
adobe,79
adobe,81
adobe,82
adobe,83
adobe,84
adobe,85
adobe,88
adobe,91
adobe,92
adobe,93
adobe,95
adobe,96
adobe,98
adobe,101
adobe,102
adobe,104
adobe,105
adobe,107
adobe,110
adobe,112
adobe,113
adobe,114
adobe,115
adobe,118
adobe,121
adobe,122
adobe,124
adobe,125
adobe,128
adobe,131
adobe,136
adobe,137
adobe,138
adobe,139
adobe,141
adobe,142
adobe,143
adobe,145
adobe,146
adobe,148
adobe,152
adobe,154
adobe,155
adobe,159
adobe,168
adobe,169
adobe,175
adobe,176
adobe,177
adobe,178
adobe,181
adobe,185
adobe,191
adobe,192
adobe,195
adobe,197
adobe,198
adobe,199
adobe,200
adobe,201
adobe,202
adobe,203
adobe,204
adobe,205
adobe,206
adobe,214
adobe,215
adobe,217
adobe,218
adobe,219
adobe,220
adobe,221
adobe,224
adobe,229
adobe,234
adobe,235
adobe,236
adobe,237
adobe,238
adobe,239
adobe,240
adobe,257
adobe,258
adobe,268
adobe,274
adobe,278
adobe,279
adobe,283
adobe,287
adobe,292
adobe,295
adobe,300
adobe,312
adobe,314
adobe,315
adobe,316
adobe,322
adobe,329
adobe,343
adobe,344
adobe,368
adobe,375
adobe,378
adobe,380
adobe,386
adobe,387
adobe,389
adobe,395
adobe,399
adobe,402
adobe,404
adobe,412
adobe,415
adobe,420
adobe,446
adobe,448
adobe,460
adobe,525
adobe,535
adobe,543
adobe,545
adobe,547
adobe,554
adobe,560
adobe,561
adobe,595
adobe,601
adobe,617
adobe,647
adobe,665
adobe,669
adobe,681
adobe,686
adobe,692
adobe,695
adobe,700
adobe,703
adobe,706
adobe,709
adobe,725
adobe,726
adobe,728
adobe,739
adobe,741
adobe,771
adobe,793
adobe,795
adobe,836
adobe,856
adobe,875
adobe,876
adobe,877
adobe,908
adobe,910
adobe,929
adobe,977
adobe,987
adobe,993
adobe,994
adobe,1002
adobe,1010
adobe,1051
adobe,1096
adobe,1108
adobe,1114
adobe,1190
adobe,1192
adobe,1365
adobe,1470
