apple,1
apple,2
apple,3
apple,4
apple,5
apple,6
apple,7
apple,8
apple,9
apple,10
apple,11
apple,12
apple,13
apple,14
apple,15
apple,16
apple,17
apple,18
apple,19
apple,20
apple,21
apple,22
apple,23
apple,24
apple,25
apple,26
apple,28
apple,29
apple,30
apple,31
apple,32
apple,33
apple,34
apple,35
apple,36
apple,37
apple,38
apple,39
apple,40
apple,41
apple,42
apple,43
apple,45
apple,46
apple,47
apple,48
apple,49
apple,50
apple,51
apple,53
apple,54
apple,55
apple,56
apple,57
apple,59
apple,60
apple,62
apple,63
apple,64
apple,65
apple,66
apple,67
apple,68
apple,69
apple,70
apple,72
apple,73
apple,74
apple,75
apple,76
apple,77
apple,78
apple,79
apple,82
apple,83
apple,86
apple,87
apple,88
apple,91
apple,92
apple,93
apple,94
apple,95
apple,96
apple,97
apple,98
apple,100
apple,101
apple,102
apple,103
apple,104
apple,105
apple,107
apple,108
apple,110
apple,111
apple,112
apple,113
apple,114
apple,116
apple,118
apple,120
apple,121
apple,122
apple,123
apple,124
apple,125
apple,126
apple,127
apple,128
apple,133
apple,134
apple,135
apple,136
apple,138
apple,139
apple,140
apple,141
apple,142
apple,143
apple,146
apple,149
apple,151
apple,153
apple,155
apple,162
apple,165
apple,166
apple,167
apple,168
apple,169
apple,171
apple,173
apple,175
apple,176
apple,177
apple,178
apple,179
apple,180
apple,181
apple,184
apple,187
apple,188
apple,190
apple,191
apple,193
apple,195
apple,198
apple,199
apple,200
apple,202
apple,203
apple,204
apple,206
apple,207
apple,208
apple,209
apple,210
apple,211
apple,212
apple,215
apple,217
apple,218
apple,219
apple,220
apple,221
apple,223
apple,226
apple,227
apple,229
apple,230
apple,231
apple,232
apple,233
apple,234
apple,236
apple,237
apple,238
apple,239
apple,240
apple,242
apple,251
apple,253
apple,256
apple,257
apple,258
apple,260
apple,266
apple,268
apple,269
apple,273
apple,277
apple,279
apple,281
apple,282
apple,283
apple,284
apple,286
apple,287
apple,295
apple,297
apple,300
apple,301
apple,304
apple,309
apple,310
apple,311
apple,315
apple,316
apple,322
apple,326
apple,329
apple,332
apple,333
apple,336
apple,338
apple,341
apple,343
apple,344
apple,345
apple,347
apple,348
apple,349
apple,350
apple,351
apple,353
apple,359
apple,362
apple,371
apple,373
apple,374
apple,378
apple,380
apple,381
apple,383
apple,384
apple,387
apple,388
apple,391
apple,393
apple,394
apple,401
apple,403
apple,406
apple,407
apple,412
apple,415
apple,416
apple,417
apple,419
apple,427
apple,428
apple,430
apple,435
apple,442
apple,443
apple,445
apple,448
apple,450
apple,453
apple,454
apple,460
apple,463
apple,470
apple,472
apple,479
apple,480
apple,486
apple,490
apple,498
apple,509
apple,515
apple,516
apple,518
apple,525
apple,528
apple,530
apple,540
apple,542
apple,543
apple,545
apple,546
apple,549
apple,557
apple,560
apple,561
apple,565
apple,582
apple,594
apple,609
apple,617
apple,621
apple,622
apple,628
apple,632
apple,636
apple,642
apple,647
apple,658
apple,661
apple,669
apple,670
apple,674
apple,687
apple,688
apple,692
apple,694
apple,695
apple,700
apple,703
apple,706
apple,709
apple,721
apple,724
apple,729
apple,733
apple,739
apple,741
apple,763
apple,766
apple,767
apple,771
apple,772
apple,796
apple,804
apple,811
apple,819
apple,821
apple,836
apple,837
apple,863
apple,867
apple,876
apple,886
apple,890
apple,895
apple,905
apple,907
apple,909
apple,911
apple,912
apple,931
apple,937
apple,938
apple,961
apple,973
apple,977
apple,981
apple,986
apple,996
apple,1002
apple,1011
apple,1021
apple,1038
apple,1044
apple,1060
apple,1095
apple,1108
apple,1114
apple,1146
apple,1197
apple,1221
apple,1229
apple,1275
apple,1278
apple,1315
