atlassian,3
atlassian,17
atlassian,20
atlassian,21
atlassian,22
atlassian,23
atlassian,31
atlassian,46
atlassian,53
atlassian,56
atlassian,78
atlassian,98
atlassian,101
atlassian,102
atlassian,121
atlassian,123
atlassian,136
atlassian,150
atlassian,173
atlassian,199
atlassian,200
atlassian,215
atlassian,227
atlassian,236
atlassian,253
atlassian,284
atlassian,295
atlassian,300
atlassian,341
atlassian,359
atlassian,362
atlassian,366
atlassian,394
atlassian,528
atlassian,540
atlassian,543
atlassian,547
atlassian,647
atlassian,680
atlassian,692
atlassian,701
atlassian,706
atlassian,713
atlassian,821
atlassian,844
atlassian,860
atlassian,872
atlassian,981
atlassian,1071
atlassian,1120
atlassian,1223
atlassian,1307
atlassian,1366
