bytedance,1
bytedance,2
bytedance,3
bytedance,4
bytedance,10
bytedance,11
bytedance,15
bytedance,19
bytedance,21
bytedance,22
bytedance,23
bytedance,25
bytedance,31
bytedance,33
bytedance,34
bytedance,41
bytedance,42
bytedance,44
bytedance,46
bytedance,51
bytedance,53
bytedance,54
bytedance,55
bytedance,56
bytedance,71
bytedance,72
bytedance,76
bytedance,78
bytedance,79
bytedance,83
bytedance,88
bytedance,92
bytedance,94
bytedance,98
bytedance,103
bytedance,104
bytedance,105
bytedance,110
bytedance,113
bytedance,114
bytedance,121
bytedance,124
bytedance,139
bytedance,143
bytedance,146
bytedance,148
bytedance,152
bytedance,160
bytedance,162
bytedance,167
bytedance,173
bytedance,179
bytedance,198
bytedance,199
bytedance,200
bytedance,206
bytedance,207
bytedance,209
bytedance,212
bytedance,215
bytedance,222
bytedance,236
bytedance,238
bytedance,239
bytedance,240
bytedance,282
bytedance,286
bytedance,295
bytedance,314
bytedance,316
bytedance,317
bytedance,320
bytedance,322
bytedance,329
bytedance,347
bytedance,349
bytedance,350
bytedance,351
bytedance,386
bytedance,394
bytedance,395
bytedance,402
bytedance,403
bytedance,406
bytedance,407
bytedance,415
bytedance,440
bytedance,445
bytedance,449
bytedance,465
bytedance,470
bytedance,493
bytedance,523
bytedance,543
bytedance,670
bytedance,681
bytedance,695
bytedance,698
bytedance,726
bytedance,735
bytedance,772
bytedance,777
bytedance,856
bytedance,863
bytedance,958
bytedance,974
bytedance,977
bytedance,1057
bytedance,1143
bytedance,1172
bytedance,1202
bytedance,1235
bytedance,1249
bytedance,1262
bytedance,1283
bytedance,1339
