citadel,1
citadel,8
citadel,15
citadel,20
citadel,28
citadel,32
citadel,42
citadel,53
citadel,70
citadel,85
citadel,102
citadel,105
citadel,121
citadel,122
citadel,123
citadel,146
citadel,151
citadel,199
citadel,200
citadel,212
citadel,221
citadel,225
citadel,232
citadel,239
citadel,240
citadel,241
citadel,253
citadel,285
citadel,295
citadel,297
citadel,332
citadel,340
citadel,622
citadel,628
citadel,647
citadel,718
citadel,724
citadel,829
citadel,935
citadel,1048
citadel,1515
