ebay,1
ebay,2
ebay,3
ebay,4
ebay,5
ebay,8
ebay,10
ebay,14
ebay,15
ebay,17
ebay,20
ebay,21
ebay,23
ebay,24
ebay,25
ebay,26
ebay,28
ebay,31
ebay,32
ebay,33
ebay,39
ebay,40
ebay,41
ebay,42
ebay,46
ebay,49
ebay,50
ebay,51
ebay,53
ebay,54
ebay,56
ebay,66
ebay,75
ebay,76
ebay,78
ebay,83
ebay,88
ebay,98
ebay,102
ebay,103
ebay,125
ebay,129
ebay,130
ebay,138
ebay,139
ebay,140
ebay,141
ebay,142
ebay,143
ebay,146
ebay,153
ebay,155
ebay,160
ebay,173
ebay,176
ebay,189
ebay,198
ebay,199
ebay,200
ebay,202
ebay,204
ebay,206
ebay,207
ebay,208
ebay,211
ebay,213
ebay,215
ebay,227
ebay,236
ebay,238
ebay,240
ebay,244
ebay,250
ebay,253
ebay,279
ebay,283
ebay,284
ebay,287
ebay,295
ebay,297
ebay,300
ebay,322
ebay,328
ebay,341
ebay,344
ebay,347
ebay,358
ebay,366
ebay,394
ebay,416
ebay,428
ebay,443
ebay,445
ebay,449
ebay,498
ebay,545
ebay,547
ebay,560
ebay,572
ebay,658
ebay,662
ebay,665
ebay,698
ebay,702
ebay,703
ebay,727
ebay,735
ebay,767
ebay,785
ebay,787
ebay,796
ebay,846
ebay,868
ebay,951
ebay,962
ebay,968
ebay,973
ebay,977
ebay,994
ebay,1122
ebay,1146
ebay,1206
ebay,1438
