goldman-sachs,1
goldman-sachs,3
goldman-sachs,4
goldman-sachs,8
goldman-sachs,11
goldman-sachs,13
goldman-sachs,15
goldman-sachs,16
goldman-sachs,17
goldman-sachs,19
goldman-sachs,20
goldman-sachs,23
goldman-sachs,33
goldman-sachs,39
goldman-sachs,42
goldman-sachs,44
goldman-sachs,46
goldman-sachs,49
goldman-sachs,50
goldman-sachs,53
goldman-sachs,54
goldman-sachs,56
goldman-sachs,62
goldman-sachs,63
goldman-sachs,64
goldman-sachs,70
goldman-sachs,72
goldman-sachs,76
goldman-sachs,78
goldman-sachs,88
goldman-sachs,91
goldman-sachs,98
goldman-sachs,99
goldman-sachs,104
goldman-sachs,118
goldman-sachs,119
goldman-sachs,120
goldman-sachs,121
goldman-sachs,122
goldman-sachs,141
goldman-sachs,146
goldman-sachs,153
goldman-sachs,155
goldman-sachs,160
goldman-sachs,166
goldman-sachs,167
goldman-sachs,189
goldman-sachs,198
goldman-sachs,200
goldman-sachs,204
goldman-sachs,206
goldman-sachs,207
goldman-sachs,209
goldman-sachs,215
goldman-sachs,218
goldman-sachs,237
goldman-sachs,238
goldman-sachs,240
goldman-sachs,242
goldman-sachs,253
goldman-sachs,283
goldman-sachs,289
goldman-sachs,295
goldman-sachs,317
goldman-sachs,322
goldman-sachs,326
goldman-sachs,332
goldman-sachs,344
goldman-sachs,347
goldman-sachs,380
goldman-sachs,387
goldman-sachs,438
goldman-sachs,443
goldman-sachs,445
goldman-sachs,460
goldman-sachs,524
goldman-sachs,532
goldman-sachs,547
goldman-sachs,560
goldman-sachs,588
goldman-sachs,592
goldman-sachs,628
goldman-sachs,647
goldman-sachs,657
goldman-sachs,688
goldman-sachs,706
goldman-sachs,720
goldman-sachs,722
goldman-sachs,724
goldman-sachs,739
goldman-sachs,780
goldman-sachs,836
goldman-sachs,862
goldman-sachs,876
goldman-sachs,887
goldman-sachs,931
goldman-sachs,939
goldman-sachs,942
goldman-sachs,973
goldman-sachs,992
goldman-sachs,993
goldman-sachs,1010
goldman-sachs,1041
goldman-sachs,1051
goldman-sachs,1086
goldman-sachs,1109
goldman-sachs,1116
goldman-sachs,1163
goldman-sachs,1209
goldman-sachs,1219
goldman-sachs,1395
goldman-sachs,1427
