airbnb,1
airbnb,2
airbnb,4
airbnb,5
airbnb,10
airbnb,20
airbnb,21
airbnb,23
airbnb,34
airbnb,39
airbnb,42
airbnb,68
airbnb,76
airbnb,108
airbnb,136
airbnb,160
airbnb,166
airbnb,190
airbnb,198
airbnb,202
airbnb,211
airbnb,212
airbnb,215
airbnb,217
airbnb,219
airbnb,220
airbnb,221
airbnb,227
airbnb,236
airbnb,251
airbnb,269
airbnb,280
airbnb,299
airbnb,322
airbnb,324
airbnb,336
airbnb,341
airbnb,385
airbnb,415
airbnb,588
airbnb,622
airbnb,751
airbnb,755
airbnb,756
airbnb,759
airbnb,773
airbnb,787
airbnb,843
airbnb,864
airbnb,875
airbnb,953
airbnb,1017
airbnb,1041
airbnb,1058
airbnb,1166
airbnb,1235
airbnb,1257
airbnb,1284
airbnb,1298
