amazon,1
amazon,2
amazon,3
amazon,4
amazon,5
amazon,6
amazon,7
amazon,8
amazon,9
amazon,10
amazon,11
amazon,12
amazon,13
amazon,14
amazon,15
amazon,16
amazon,17
amazon,18
amazon,19
amazon,20
amazon,21
amazon,22
amazon,23
amazon,24
amazon,25
amazon,26
amazon,27
amazon,28
amazon,29
amazon,30
amazon,31
amazon,32
amazon,33
amazon,34
amazon,35
amazon,36
amazon,37
amazon,38
amazon,39
amazon,40
amazon,41
amazon,42
amazon,43
amazon,44
amazon,45
amazon,46
amazon,47
amazon,48
amazon,49
amazon,50
amazon,51
amazon,52
amazon,53
amazon,54
amazon,55
amazon,56
amazon,57
amazon,59
amazon,60
amazon,61
amazon,62
amazon,63
amazon,64
amazon,65
amazon,66
amazon,67
amazon,68
amazon,69
amazon,70
amazon,71
amazon,72
amazon,73
amazon,74
amazon,75
amazon,76
amazon,77
amazon,78
amazon,79
amazon,80
amazon,81
amazon,82
amazon,83
amazon,84
amazon,85
amazon,86
amazon,88
amazon,89
amazon,90
amazon,91
amazon,92
amazon,93
amazon,94
amazon,95
amazon,96
amazon,97
amazon,98
amazon,99
amazon,100
amazon,101
amazon,102
amazon,103
amazon,104
amazon,105
amazon,106
amazon,107
amazon,108
amazon,109
amazon,110
amazon,111
amazon,112
amazon,113
amazon,114
amazon,115
amazon,116
amazon,117
amazon,118
amazon,119
amazon,120
amazon,121
amazon,122
amazon,123
amazon,124
amazon,125
amazon,126
amazon,127
amazon,128
amazon,129
amazon,130
amazon,131
amazon,132
amazon,133
amazon,134
amazon,135
amazon,136
amazon,137
amazon,138
amazon,139
amazon,140
amazon,141
amazon,142
amazon,143
amazon,144
amazon,145
amazon,146
amazon,148
amazon,149
amazon,150
amazon,151
amazon,152
amazon,153
amazon,154
amazon,155
amazon,158
amazon,159
amazon,160
amazon,161
amazon,162
amazon,163
amazon,164
amazon,165
amazon,166
amazon,167
amazon,169
amazon,171
amazon,172
amazon,173
amazon,174
amazon,175
amazon,176
amazon,177
amazon,178
amazon,179
amazon,180
amazon,181
amazon,183
amazon,184
amazon,185
amazon,186
amazon,187
amazon,188
amazon,189
amazon,190
amazon,191
amazon,192
amazon,196
amazon,198
amazon,199
amazon,200
amazon,202
amazon,203
amazon,204
amazon,205
amazon,206
amazon,207
amazon,208
amazon,209
amazon,210
amazon,211
amazon,212
amazon,213
amazon,214
amazon,215
amazon,216
amazon,217
amazon,218
amazon,219
amazon,221
amazon,222
amazon,224
amazon,225
amazon,226
amazon,227
amazon,228
amazon,229
amazon,230
amazon,231
amazon,232
amazon,233
amazon,234
amazon,235
amazon,236
amazon,237
amazon,238
amazon,239
amazon,240
amazon,241
amazon,242
amazon,243
amazon,244
amazon,249
amazon,250
amazon,252
amazon,253
amazon,257
amazon,260
amazon,261
amazon,262
amazon,264
amazon,266
amazon,267
amazon,268
amazon,269
amazon,270
amazon,272
amazon,273
amazon,277
amazon,278
amazon,279
amazon,280
amazon,281
amazon,283
amazon,284
amazon,285
amazon,286
amazon,287
amazon,289
amazon,290
amazon,295
amazon,296
amazon,297
amazon,298
amazon,299
amazon,300
amazon,301
amazon,303
amazon,304
amazon,305
amazon,307
amazon,309
amazon,310
amazon,311
amazon,312
amazon,314
amazon,315
amazon,316
amazon,317
amazon,319
amazon,321
amazon,322
amazon,323
amazon,325
amazon,328
amazon,329
amazon,332
amazon,333
amazon,334
amazon,335
amazon,336
amazon,337
amazon,338
amazon,339
amazon,340
amazon,341
amazon,344
amazon,345
amazon,346
amazon,347
amazon,348
amazon,349
amazon,350
amazon,351
amazon,352
amazon,353
amazon,354
amazon,355
amazon,356
amazon,358
amazon,359
amazon,361
amazon,362
amazon,365
amazon,366
amazon,367
amazon,368
amazon,369
amazon,371
amazon,373
amazon,376
amazon,377
amazon,378
amazon,380
amazon,381
amazon,382
amazon,383
amazon,384
amazon,387
amazon,388
amazon,389
amazon,390
amazon,392
amazon,393
amazon,394
amazon,395
amazon,396
amazon,397
amazon,399
amazon,402
amazon,403
amazon,404
amazon,406
amazon,407
amazon,409
amazon,410
amazon,412
amazon,413
amazon,414
amazon,415
amazon,416
amazon,417
amazon,419
amazon,420
amazon,421
amazon,426
amazon,427
amazon,428
amazon,429
amazon,430
amazon,432
amazon,433
amazon,435
amazon,437
amazon,438
amazon,442
amazon,443
amazon,445
amazon,447
amazon,449
amazon,450
amazon,451
amazon,452
amazon,453
amazon,456
amazon,459
amazon,460
amazon,461
amazon,463
amazon,465
amazon,466
amazon,468
amazon,472
amazon,473
amazon,475
amazon,480
amazon,485
amazon,486
amazon,489
amazon,490
amazon,493
amazon,496
amazon,498
amazon,501
amazon,503
amazon,505
amazon,507
amazon,508
amazon,509
amazon,515
amazon,516
amazon,517
amazon,518
amazon,523
amazon,525
amazon,528
amazon,529
amazon,532
amazon,535
amazon,536
amazon,537
amazon,538
amazon,539
amazon,540
amazon,541
amazon,542
amazon,543
amazon,545
amazon,547
amazon,549
amazon,553
amazon,556
amazon,557
amazon,558
amazon,559
amazon,560
amazon,561
amazon,564
amazon,567
amazon,570
amazon,572
amazon,579
amazon,581
amazon,582
amazon,584
amazon,586
amazon,588
amazon,590
amazon,601
amazon,604
amazon,605
amazon,606
amazon,609
amazon,611
amazon,617
amazon,618
amazon,621
amazon,622
amazon,626
amazon,628
amazon,631
amazon,632
amazon,634
amazon,635
amazon,636
amazon,637
amazon,640
amazon,642
amazon,645
amazon,646
amazon,647
amazon,652
amazon,653
amazon,654
amazon,657
amazon,658
amazon,661
amazon,662
amazon,663
amazon,665
amazon,669
amazon,670
amazon,671
amazon,673
amazon,674
amazon,675
amazon,678
amazon,679
amazon,681
amazon,682
amazon,683
amazon,684
amazon,686
amazon,687
amazon,688
amazon,690
amazon,692
amazon,694
amazon,695
amazon,698
amazon,699
amazon,701
amazon,702
amazon,703
amazon,704
amazon,705
amazon,706
amazon,707
amazon,708
amazon,710
amazon,711
amazon,714
amazon,715
amazon,716
amazon,719
amazon,720
amazon,721
amazon,724
amazon,725
amazon,726
amazon,727
amazon,729
amazon,731
amazon,732
amazon,733
amazon,735
amazon,737
amazon,738
amazon,739
amazon,741
amazon,742
amazon,743
amazon,746
amazon,752
amazon,756
amazon,759
amazon,762
amazon,763
amazon,765
amazon,767
amazon,770
amazon,771
amazon,772
amazon,773
amazon,775
amazon,776
amazon,779
amazon,783
amazon,784
amazon,785
amazon,787
amazon,791
amazon,792
amazon,794
amazon,796
amazon,797
amazon,801
amazon,805
amazon,807
amazon,811
amazon,814
amazon,815
amazon,819
amazon,826
amazon,827
amazon,836
amazon,839
amazon,841
amazon,842
amazon,843
amazon,844
amazon,847
amazon,849
amazon,851
amazon,852
amazon,854
amazon,855
amazon,856
amazon,860
amazon,862
amazon,863
amazon,864
amazon,866
amazon,871
amazon,872
amazon,873
amazon,875
amazon,876
amazon,881
amazon,884
amazon,889
amazon,890
amazon,895
amazon,899
amazon,900
amazon,901
amazon,902
amazon,904
amazon,905
amazon,909
amazon,912
amazon,916
amazon,918
amazon,919
amazon,921
amazon,922
amazon,924
amazon,929
amazon,931
amazon,937
amazon,938
amazon,939
amazon,942
amazon,943
amazon,951
amazon,953
amazon,957
amazon,958
amazon,963
amazon,965
amazon,966
amazon,969
amazon,973
amazon,974
amazon,977
amazon,978
amazon,979
amazon,980
amazon,981
amazon,983
amazon,986
amazon,987
amazon,992
amazon,993
amazon,994
amazon,995
amazon,997
amazon,1000
amazon,1002
amazon,1004
amazon,1005
amazon,1007
amazon,1008
amazon,1010
amazon,1011
amazon,1013
amazon,1019
amazon,1022
amazon,1023
amazon,1024
amazon,1026
amazon,1027
amazon,1028
amazon,1029
amazon,1031
amazon,1032
amazon,1035
amazon,1038
amazon,1044
amazon,1045
amazon,1046
amazon,1047
amazon,1048
amazon,1049
amazon,1050
amazon,1051
amazon,1054
amazon,1057
amazon,1059
amazon,1060
amazon,1062
amazon,1065
amazon,1066
amazon,1067
amazon,1068
amazon,1069
amazon,1070
amazon,1074
amazon,1080
amazon,1081
amazon,1082
amazon,1083
amazon,1084
amazon,1085
amazon,1086
amazon,1091
amazon,1094
amazon,1099
amazon,1100
amazon,1102
amazon,1104
amazon,1108
amazon,1110
amazon,1114
amazon,1117
amazon,1118
amazon,1119
amazon,1120
amazon,1122
amazon,1128
amazon,1129
amazon,1130
amazon,1133
amazon,1134
amazon,1135
amazon,1139
amazon,1143
amazon,1146
amazon,1152
amazon,1153
amazon,1155
amazon,1160
amazon,1161
amazon,1162
amazon,1166
amazon,1167
amazon,1172
amazon,1175
amazon,1176
amazon,1179
amazon,1188
amazon,1192
amazon,1197
amazon,1198
amazon,1202
amazon,1214
amazon,1215
amazon,1219
amazon,1221
amazon,1229
amazon,1233
amazon,1236
amazon,1242
amazon,1244
amazon,1245
amazon,1247
amazon,1248
amazon,1249
amazon,1251
amazon,1254
amazon,1255
amazon,1259
amazon,1260
amazon,1266
amazon,1267
amazon,1268
amazon,1270
amazon,1275
amazon,1279
amazon,1288
amazon,1299
amazon,1303
amazon,1304
amazon,1305
amazon,1311
amazon,1315
amazon,1325
amazon,1327
amazon,1332
amazon,1335
amazon,1337
amazon,1339
amazon,1344
amazon,1350
amazon,1351
amazon,1360
amazon,1362
amazon,1363
amazon,1365
amazon,1373
amazon,1375
amazon,1382
amazon,1395
amazon,1404
amazon,1405
amazon,1408
amazon,1409
amazon,1421
amazon,1429
amazon,1430
amazon,1431
amazon,1456
amazon,1457
amazon,1479
amazon,1485
amazon,1489
amazon,1490
amazon,1495
amazon,1496
amazon,1502
amazon,1511
amazon,1520
amazon,1533
