bloomberg,1
bloomberg,2
bloomberg,3
bloomberg,4
bloomberg,5
bloomberg,6
bloomberg,7
bloomberg,8
bloomberg,9
bloomberg,10
bloomberg,11
bloomberg,12
bloomberg,13
bloomberg,14
bloomberg,15
bloomberg,16
bloomberg,17
bloomberg,18
bloomberg,19
bloomberg,20
bloomberg,21
bloomberg,22
bloomberg,23
bloomberg,24
bloomberg,26
bloomberg,27
bloomberg,28
bloomberg,29
bloomberg,30
bloomberg,31
bloomberg,32
bloomberg,33
bloomberg,34
bloomberg,35
bloomberg,36
bloomberg,38
bloomberg,39
bloomberg,40
bloomberg,41
bloomberg,42
bloomberg,44
bloomberg,46
bloomberg,47
bloomberg,48
bloomberg,49
bloomberg,50
bloomberg,53
bloomberg,54
bloomberg,55
bloomberg,56
bloomberg,61
bloomberg,62
bloomberg,63
bloomberg,64
bloomberg,66
bloomberg,69
bloomberg,70
bloomberg,71
bloomberg,72
bloomberg,74
bloomberg,75
bloomberg,76
bloomberg,78
bloomberg,79
bloomberg,81
bloomberg,82
bloomberg,84
bloomberg,85
bloomberg,88
bloomberg,90
bloomberg,91
bloomberg,92
bloomberg,94
bloomberg,96
bloomberg,97
bloomberg,98
bloomberg,99
bloomberg,100
bloomberg,101
bloomberg,102
bloomberg,103
bloomberg,104
bloomberg,105
bloomberg,106
bloomberg,108
bloomberg,109
bloomberg,110
bloomberg,112
bloomberg,113
bloomberg,114
bloomberg,116
bloomberg,117
bloomberg,118
bloomberg,120
bloomberg,121
bloomberg,122
bloomberg,123
bloomberg,124
bloomberg,125
bloomberg,126
bloomberg,127
bloomberg,128
bloomberg,129
bloomberg,131
bloomberg,136
bloomberg,138
bloomberg,139
bloomberg,140
bloomberg,141
bloomberg,144
bloomberg,146
bloomberg,147
bloomberg,149
bloomberg,151
bloomberg,152
bloomberg,153
bloomberg,155
bloomberg,158
bloomberg,160
bloomberg,162
bloomberg,167
bloomberg,171
bloomberg,172
bloomberg,173
bloomberg,176
bloomberg,188
bloomberg,189
bloomberg,198
bloomberg,199
bloomberg,200
bloomberg,202
bloomberg,203
bloomberg,204
bloomberg,205
bloomberg,206
bloomberg,207
bloomberg,208
bloomberg,209
bloomberg,210
bloomberg,212
bloomberg,214
bloomberg,215
bloomberg,216
bloomberg,217
bloomberg,219
bloomberg,221
bloomberg,222
bloomberg,224
bloomberg,225
bloomberg,226
bloomberg,228
bloomberg,229
bloomberg,230
bloomberg,232
bloomberg,234
bloomberg,235
bloomberg,236
bloomberg,237
bloomberg,238
bloomberg,239
bloomberg,240
bloomberg,242
bloomberg,250
bloomberg,252
bloomberg,253
bloomberg,258
bloomberg,266
bloomberg,268
bloomberg,269
bloomberg,270
bloomberg,271
bloomberg,273
bloomberg,274
bloomberg,278
bloomberg,283
bloomberg,285
bloomberg,286
bloomberg,287
bloomberg,289
bloomberg,292
bloomberg,295
bloomberg,297
bloomberg,301
bloomberg,303
bloomberg,310
bloomberg,311
bloomberg,314
bloomberg,315
bloomberg,322
bloomberg,328
bloomberg,329
bloomberg,332
bloomberg,334
bloomberg,336
bloomberg,338
bloomberg,340
bloomberg,341
bloomberg,344
bloomberg,346
bloomberg,347
bloomberg,348
bloomberg,349
bloomberg,350
bloomberg,353
bloomberg,359
bloomberg,362
bloomberg,378
bloomberg,380
bloomberg,384
bloomberg,386
bloomberg,387
bloomberg,390
bloomberg,392
bloomberg,394
bloomberg,395
bloomberg,397
bloomberg,399
bloomberg,402
bloomberg,404
bloomberg,406
bloomberg,412
bloomberg,413
bloomberg,414
bloomberg,415
bloomberg,417
bloomberg,422
bloomberg,424
bloomberg,426
bloomberg,430
bloomberg,432
bloomberg,435
bloomberg,437
bloomberg,438
bloomberg,442
bloomberg,443
bloomberg,445
bloomberg,448
bloomberg,450
bloomberg,451
bloomberg,460
bloomberg,463
bloomberg,470
bloomberg,488
bloomberg,496
bloomberg,503
bloomberg,504
bloomberg,510
bloomberg,513
bloomberg,516
bloomberg,518
bloomberg,529
bloomberg,532
bloomberg,535
bloomberg,540
bloomberg,543
bloomberg,547
bloomberg,554
bloomberg,556
bloomberg,557
bloomberg,559
bloomberg,560
bloomberg,565
bloomberg,567
bloomberg,570
bloomberg,572
bloomberg,581
bloomberg,582
bloomberg,595
bloomberg,611
bloomberg,617
bloomberg,621
bloomberg,628
bloomberg,642
bloomberg,646
bloomberg,650
bloomberg,652
bloomberg,658
bloomberg,662
bloomberg,669
bloomberg,673
bloomberg,678
bloomberg,692
bloomberg,694
bloomberg,695
bloomberg,703
bloomberg,708
bloomberg,714
bloomberg,716
bloomberg,721
bloomberg,723
bloomberg,724
bloomberg,727
bloomberg,733
bloomberg,737
bloomberg,739
bloomberg,746
bloomberg,749
bloomberg,752
bloomberg,759
bloomberg,784
bloomberg,787
bloomberg,797
bloomberg,813
bloomberg,821
bloomberg,836
bloomberg,846
bloomberg,852
bloomberg,857
bloomberg,863
bloomberg,889
bloomberg,895
bloomberg,912
bloomberg,924
bloomberg,933
bloomberg,957
bloomberg,971
bloomberg,977
bloomberg,978
bloomberg,986
bloomberg,987
bloomberg,991
bloomberg,993
bloomberg,1002
bloomberg,1025
bloomberg,1029
bloomberg,1047
bloomberg,1054
bloomberg,1060
bloomberg,1104
bloomberg,1105
bloomberg,1114
bloomberg,1123
bloomberg,1145
bloomberg,1155
bloomberg,1169
bloomberg,1188
bloomberg,1209
bloomberg,1223
bloomberg,1244
bloomberg,1249
bloomberg,1274
bloomberg,1297
bloomberg,1312
bloomberg,1347
bloomberg,1396
bloomberg,1472
bloomberg,1478
bloomberg,1480
