cisco,1
cisco,2
cisco,3
cisco,5
cisco,7
cisco,8
cisco,14
cisco,15
cisco,17
cisco,19
cisco,20
cisco,21
cisco,22
cisco,23
cisco,25
cisco,26
cisco,33
cisco,46
cisco,48
cisco,49
cisco,53
cisco,54
cisco,56
cisco,88
cisco,91
cisco,102
cisco,108
cisco,110
cisco,121
cisco,125
cisco,141
cisco,143
cisco,144
cisco,146
cisco,151
cisco,160
cisco,173
cisco,189
cisco,191
cisco,198
cisco,200
cisco,206
cisco,207
cisco,212
cisco,234
cisco,235
cisco,237
cisco,241
cisco,242
cisco,246
cisco,247
cisco,253
cisco,279
cisco,344
cisco,384
cisco,394
cisco,412
cisco,445
cisco,450
cisco,468
cisco,605
cisco,628
cisco,739
cisco,876
cisco,905
cisco,909
cisco,1235
cisco,1290
