facebook,1
facebook,2
facebook,3
facebook,4
facebook,5
facebook,6
facebook,7
facebook,8
facebook,9
facebook,10
facebook,11
facebook,12
facebook,13
facebook,14
facebook,15
facebook,16
facebook,17
facebook,18
facebook,19
facebook,20
facebook,21
facebook,22
facebook,23
facebook,24
facebook,25
facebook,26
facebook,28
facebook,29
facebook,30
facebook,31
facebook,32
facebook,33
facebook,34
facebook,36
facebook,37
facebook,38
facebook,39
facebook,40
facebook,41
facebook,42
facebook,43
facebook,44
facebook,45
facebook,46
facebook,47
facebook,48
facebook,49
facebook,50
facebook,51
facebook,53
facebook,54
facebook,55
facebook,56
facebook,57
facebook,59
facebook,60
facebook,61
facebook,62
facebook,63
facebook,64
facebook,65
facebook,66
facebook,67
facebook,68
facebook,69
facebook,70
facebook,71
facebook,72
facebook,73
facebook,74
facebook,75
facebook,76
facebook,77
facebook,78
facebook,79
facebook,80
facebook,81
facebook,83
facebook,84
facebook,85
facebook,88
facebook,90
facebook,91
facebook,92
facebook,93
facebook,94
facebook,95
facebook,96
facebook,98
facebook,99
facebook,100
facebook,101
facebook,102
facebook,103
facebook,104
facebook,105
facebook,106
facebook,108
facebook,109
facebook,110
facebook,111
facebook,112
facebook,113
facebook,114
facebook,116
facebook,117
facebook,118
facebook,121
facebook,122
facebook,123
facebook,124
facebook,125
facebook,126
facebook,127
facebook,128
facebook,129
facebook,130
facebook,133
facebook,136
facebook,137
facebook,138
facebook,139
facebook,140
facebook,141
facebook,143
facebook,145
facebook,146
facebook,148
facebook,150
facebook,151
facebook,152
facebook,153
facebook,154
facebook,155
facebook,157
facebook,158
facebook,159
facebook,160
facebook,161
facebook,162
facebook,163
facebook,166
facebook,167
facebook,168
facebook,171
facebook,172
facebook,173
facebook,176
facebook,178
facebook,179
facebook,181
facebook,188
facebook,189
facebook,191
facebook,192
facebook,199
facebook,200
facebook,202
facebook,203
facebook,204
facebook,205
facebook,206
facebook,207
facebook,208
facebook,209
facebook,210
facebook,211
facebook,212
facebook,214
facebook,215
facebook,217
facebook,218
facebook,221
facebook,222
facebook,223
facebook,224
facebook,226
facebook,227
facebook,228
facebook,229
facebook,230
facebook,234
facebook,235
facebook,236
facebook,237
facebook,238
facebook,239
facebook,240
facebook,241
facebook,242
facebook,246
facebook,247
facebook,248
facebook,249
facebook,250
facebook,251
facebook,252
facebook,253
facebook,257
facebook,260
facebook,261
facebook,265
facebook,266
facebook,268
facebook,269
facebook,270
facebook,272
facebook,273
facebook,274
facebook,275
facebook,277
facebook,278
facebook,279
facebook,280
facebook,282
facebook,283
facebook,284
facebook,285
facebook,286
facebook,287
facebook,289
facebook,290
facebook,291
facebook,295
facebook,296
facebook,297
facebook,298
facebook,300
facebook,301
facebook,303
facebook,304
facebook,305
facebook,307
facebook,308
facebook,309
facebook,310
facebook,311
facebook,312
facebook,314
facebook,315
facebook,316
facebook,317
facebook,319
facebook,322
facebook,323
facebook,324
facebook,325
facebook,328
facebook,329
facebook,332
facebook,333
facebook,334
facebook,336
facebook,337
facebook,338
facebook,339
facebook,340
facebook,341
facebook,344
facebook,345
facebook,346
facebook,347
facebook,348
facebook,349
facebook,350
facebook,352
facebook,353
facebook,358
facebook,360
facebook,363
facebook,364
facebook,371
facebook,373
facebook,376
facebook,377
facebook,378
facebook,380
facebook,381
facebook,382
facebook,384
facebook,387
facebook,388
facebook,392
facebook,393
facebook,394
facebook,395
facebook,398
facebook,399
facebook,400
facebook,402
facebook,403
facebook,404
facebook,405
facebook,406
facebook,407
facebook,408
facebook,410
facebook,413
facebook,414
facebook,415
facebook,416
facebook,417
facebook,419
facebook,426
facebook,428
facebook,430
facebook,432
facebook,435
facebook,437
facebook,438
facebook,442
facebook,443
facebook,445
facebook,446
facebook,449
facebook,450
facebook,451
facebook,452
facebook,461
facebook,463
facebook,468
facebook,472
facebook,477
facebook,478
facebook,480
facebook,489
facebook,490
facebook,491
facebook,494
facebook,496
facebook,498
facebook,503
facebook,505
facebook,509
facebook,515
facebook,516
facebook,518
facebook,523
facebook,525
facebook,528
facebook,529
facebook,535
facebook,536
facebook,540
facebook,543
facebook,547
facebook,548
facebook,549
facebook,550
facebook,554
facebook,556
facebook,560
facebook,564
facebook,567
facebook,568
facebook,572
facebook,578
facebook,593
facebook,597
facebook,602
facebook,605
facebook,609
facebook,611
facebook,614
facebook,616
facebook,621
facebook,622
facebook,628
facebook,632
facebook,636
facebook,637
facebook,639
facebook,641
facebook,642
facebook,646
facebook,647
facebook,652
facebook,653
facebook,654
facebook,655
facebook,658
facebook,662
facebook,663
facebook,669
facebook,670
facebook,673
facebook,674
facebook,676
facebook,678
facebook,679
facebook,680
facebook,681
facebook,686
facebook,688
facebook,689
facebook,691
facebook,692
facebook,694
facebook,695
facebook,698
facebook,701
facebook,703
facebook,706
facebook,708
facebook,714
facebook,716
facebook,721
facebook,723
facebook,724
facebook,726
facebook,730
facebook,733
facebook,739
facebook,742
facebook,745
facebook,750
facebook,752
facebook,759
facebook,763
facebook,764
facebook,766
facebook,767
facebook,771
facebook,772
facebook,773
facebook,776
facebook,778
facebook,784
facebook,785
facebook,787
facebook,788
facebook,791
facebook,792
facebook,794
facebook,801
facebook,821
facebook,824
facebook,825
facebook,827
facebook,832
facebook,839
facebook,843
facebook,844
facebook,848
facebook,852
facebook,855
facebook,862
facebook,863
facebook,865
facebook,872
facebook,875
facebook,884
facebook,885
facebook,886
facebook,887
facebook,889
facebook,893
facebook,896
facebook,905
facebook,916
facebook,918
facebook,921
facebook,934
facebook,935
facebook,936
facebook,938
facebook,939
facebook,953
facebook,958
facebook,962
facebook,963
facebook,966
facebook,968
facebook,969
facebook,973
facebook,977
facebook,979
facebook,981
facebook,983
facebook,986
facebook,987
facebook,989
facebook,993
facebook,995
facebook,997
facebook,998
facebook,1003
facebook,1004
facebook,1008
facebook,1019
facebook,1021
facebook,1026
facebook,1027
facebook,1031
facebook,1032
facebook,1033
facebook,1040
facebook,1043
facebook,1047
facebook,1053
facebook,1055
facebook,1057
facebook,1060
facebook,1062
facebook,1075
facebook,1076
facebook,1077
facebook,1091
facebook,1094
facebook,1108
facebook,1113
facebook,1123
facebook,1132
facebook,1137
facebook,1141
facebook,1142
facebook,1143
facebook,1146
facebook,1197
facebook,1209
facebook,1211
facebook,1213
facebook,1216
facebook,1219
facebook,1225
facebook,1233
facebook,1236
facebook,1241
facebook,1242
facebook,1245
facebook,1249
facebook,1254
facebook,1264
facebook,1266
facebook,1269
facebook,1275
facebook,1287
facebook,1304
facebook,1305
facebook,1322
facebook,1357
facebook,1360
facebook,1361
facebook,1379
facebook,1398
facebook,1411
facebook,1424
facebook,1428
facebook,1439
facebook,1443
facebook,1445
facebook,1453
facebook,1460
facebook,1498
facebook,1522
facebook,1528
