google,1
google,2
google,3
google,4
google,5
google,6
google,7
google,8
google,9
google,10
google,11
google,12
google,13
google,14
google,15
google,16
google,17
google,18
google,19
google,20
google,21
google,22
google,23
google,24
google,25
google,26
google,27
google,28
google,29
google,30
google,31
google,32
google,33
google,34
google,35
google,36
google,37
google,38
google,39
google,40
google,41
google,42
google,43
google,44
google,45
google,46
google,48
google,49
google,50
google,51
google,53
google,54
google,55
google,56
google,57
google,59
google,60
google,62
google,63
google,64
google,65
google,66
google,67
google,68
google,69
google,70
google,72
google,74
google,75
google,76
google,77
google,78
google,79
google,80
google,81
google,82
google,83
google,84
google,85
google,87
google,88
google,91
google,92
google,94
google,96
google,97
google,98
google,99
google,100
google,101
google,102
google,103
google,104
google,105
google,108
google,109
google,110
google,113
google,114
google,115
google,116
google,117
google,118
google,119
google,120
google,121
google,122
google,123
google,124
google,125
google,126
google,127
google,128
google,129
google,130
google,131
google,132
google,133
google,134
google,135
google,136
google,137
google,138
google,139
google,140
google,141
google,142
google,143
google,144
google,145
google,146
google,148
google,149
google,150
google,151
google,152
google,153
google,154
google,155
google,156
google,157
google,158
google,159
google,160
google,161
google,162
google,163
google,165
google,166
google,167
google,168
google,169
google,171
google,173
google,174
google,175
google,176
google,177
google,179
google,181
google,185
google,187
google,188
google,190
google,191
google,192
google,195
google,198
google,199
google,200
google,202
google,203
google,204
google,205
google,206
google,207
google,208
google,209
google,210
google,211
google,212
google,213
google,214
google,215
google,216
google,218
google,219
google,220
google,221
google,222
google,224
google,226
google,227
google,228
google,229
google,230
google,231
google,232
google,234
google,235
google,236
google,237
google,238
google,239
google,240
google,241
google,242
google,243
google,246
google,247
google,248
google,249
google,250
google,251
google,252
google,253
google,254
google,257
google,259
google,261
google,265
google,266
google,267
google,268
google,269
google,270
google,271
google,272
google,273
google,274
google,276
google,277
google,278
google,279
google,280
google,281
google,282
google,283
google,284
google,285
google,286
google,287
google,288
google,289
google,290
google,293
google,294
google,295
google,296
google,297
google,298
google,299
google,300
google,301
google,302
google,303
google,304
google,305
google,307
google,308
google,309
google,310
google,311
google,312
google,313
google,314
google,315
google,316
google,317
google,318
google,320
google,321
google,322
google,323
google,324
google,325
google,326
google,327
google,328
google,329
google,330
google,331
google,332
google,333
google,334
google,335
google,336
google,337
google,340
google,341
google,343
google,344
google,345
google,346
google,347
google,348
google,349
google,350
google,351
google,352
google,353
google,354
google,356
google,357
google,358
google,359
google,360
google,361
google,362
google,363
google,365
google,366
google,367
google,368
google,369
google,370
google,371
google,373
google,374
google,375
google,377
google,378
google,379
google,380
google,381
google,382
google,384
google,385
google,386
google,387
google,388
google,389
google,391
google,392
google,393
google,394
google,395
google,397
google,398
google,399
google,400
google,401
google,402
google,403
google,404
google,406
google,407
google,408
google,409
google,410
google,411
google,412
google,414
google,415
google,416
google,417
google,418
google,419
google,420
google,421
google,422
google,424
google,425
google,426
google,427
google,428
google,430
google,432
google,433
google,435
google,438
google,440
google,442
google,443
google,444
google,445
google,447
google,448
google,449
google,450
google,451
google,452
google,456
google,457
google,459
google,460
google,463
google,464
google,465
google,467
google,468
google,469
google,471
google,472
google,474
google,475
google,477
google,480
google,481
google,482
google,483
google,484
google,485
google,486
google,487
google,489
google,490
google,493
google,494
google,496
google,497
google,498
google,499
google,501
google,503
google,504
google,505
google,506
google,510
google,514
google,518
google,519
google,520
google,521
google,522
google,523
google,524
google,525
google,526
google,527
google,528
google,529
google,530
google,531
google,533
google,535
google,540
google,541
google,542
google,543
google,544
google,545
google,547
google,549
google,551
google,552
google,554
google,558
google,559
google,560
google,562
google,564
google,567
google,568
google,569
google,572
google,581
google,582
google,583
google,587
google,591
google,593
google,604
google,609
google,616
google,621
google,622
google,630
google,632
google,635
google,636
google,638
google,639
google,640
google,642
google,643
google,644
google,647
google,651
google,652
google,654
google,656
google,657
google,658
google,659
google,660
google,662
google,665
google,667
google,668
google,669
google,674
google,676
google,678
google,679
google,680
google,681
google,682
google,683
google,684
google,685
google,686
google,687
google,688
google,689
google,690
google,692
google,694
google,695
google,698
google,700
google,701
google,702
google,703
google,705
google,706
google,708
google,709
google,710
google,713
google,714
google,715
google,716
google,717
google,719
google,720
google,721
google,722
google,723
google,724
google,726
google,727
google,729
google,730
google,731
google,732
google,733
google,734
google,735
google,736
google,737
google,739
google,741
google,742
google,743
google,745
google,747
google,748
google,750
google,752
google,753
google,756
google,758
google,759
google,760
google,764
google,765
google,766
google,767
google,768
google,769
google,770
google,771
google,772
google,773
google,774
google,776
google,777
google,778
google,779
google,780
google,782
google,783
google,785
google,787
google,788
google,789
google,790
google,791
google,792
google,794
google,799
google,800
google,801
google,802
google,803
google,804
google,805
google,806
google,807
google,808
google,809
google,811
google,812
google,813
google,814
google,815
google,816
google,817
google,818
google,819
google,821
google,827
google,830
google,832
google,833
google,834
google,835
google,836
google,837
google,838
google,839
google,840
google,841
google,843
google,844
google,845
google,846
google,847
google,849
google,850
google,852
google,853
google,854
google,855
google,857
google,859
google,862
google,863
google,864
google,871
google,872
google,875
google,879
google,881
google,886
google,887
google,889
google,890
google,894
google,895
google,900
google,901
google,904
google,905
google,906
google,909
google,911
google,913
google,914
google,916
google,917
google,919
google,920
google,924
google,925
google,926
google,929
google,931
google,932
google,933
google,934
google,935
google,936
google,938
google,939
google,940
google,941
google,942
google,943
google,944
google,946
google,947
google,948
google,949
google,950
google,951
google,952
google,954
google,955
google,958
google,960
google,962
google,963
google,965
google,968
google,973
google,975
google,977
google,979
google,980
google,981
google,982
google,983
google,986
google,987
google,988
google,989
google,992
google,997
google,1000
google,1007
google,1011
google,1012
google,1015
google,1016
google,1020
google,1021
google,1023
google,1024
google,1025
google,1026
google,1027
google,1029
google,1031
google,1032
google,1036
google,1037
google,1044
google,1047
google,1048
google,1051
google,1055
google,1056
google,1057
google,1059
google,1060
google,1062
google,1066
google,1074
google,1078
google,1079
google,1087
google,1088
google,1089
google,1090
google,1091
google,1095
google,1096
google,1099
google,1102
google,1105
google,1108
google,1110
google,1114
google,1121
google,1122
google,1123
google,1125
google,1131
google,1136
google,1138
google,1140
google,1143
google,1144
google,1145
google,1146
google,1147
google,1153
google,1155
google,1157
google,1161
google,1165
google,1167
google,1168
google,1170
google,1179
google,1182
google,1184
google,1188
google,1192
google,1197
google,1199
google,1203
google,1206
google,1207
google,1209
google,1218
google,1219
google,1223
google,1229
google,1231
google,1233
google,1235
google,1237
google,1240
google,1244
google,1245
google,1254
google,1261
google,1265
google,1267
google,1269
google,1270
google,1272
google,1277
google,1281
google,1284
google,1286
google,1287
google,1289
google,1292
google,1293
google,1296
google,1300
google,1302
google,1312
google,1313
google,1314
google,1316
google,1320
google,1325
google,1326
google,1331
google,1342
google,1345
google,1346
google,1352
google,1365
google,1366
google,1368
google,1376
google,1377
google,1387
google,1388
google,1392
google,1401
google,1406
google,1414
google,1422
google,1423
google,1424
google,1438
google,1441
google,1444
google,1447
google,1449
google,1452
google,1461
google,1463
google,1466
google,1471
google,1477
google,1480
google,1482
google,1483
google,1488
google,1494
google,1498
google,1499
google,1503
google,1504
google,1506
google,1508
google,1509
google,1513
google,1514
google,1516
google,1525
google,1526
google,1530
google,1538
google,1544
google,1546
google,1547
