lyft,1
lyft,2
lyft,7
lyft,10
lyft,11
lyft,17
lyft,20
lyft,21
lyft,22
lyft,23
lyft,24
lyft,42
lyft,48
lyft,68
lyft,69
lyft,76
lyft,78
lyft,79
lyft,88
lyft,91
lyft,109
lyft,121
lyft,126
lyft,127
lyft,146
lyft,155
lyft,158
lyft,162
lyft,200
lyft,238
lyft,239
lyft,251
lyft,253
lyft,279
lyft,283
lyft,304
lyft,333
lyft,341
lyft,349
lyft,365
lyft,426
lyft,442
lyft,443
lyft,567
lyft,632
lyft,642
lyft,652
lyft,694
lyft,716
lyft,735
lyft,981
lyft,1060
lyft,1094
