mathworks,1
mathworks,2
mathworks,5
mathworks,15
mathworks,20
mathworks,23
mathworks,25
mathworks,43
mathworks,49
mathworks,62
mathworks,63
mathworks,98
mathworks,102
mathworks,106
mathworks,115
mathworks,133
mathworks,199
mathworks,200
mathworks,206
mathworks,225
mathworks,232
mathworks,255
mathworks,259
mathworks,314
mathworks,317
mathworks,319
mathworks,338
mathworks,404
mathworks,500
mathworks,509
mathworks,526
mathworks,566
mathworks,647
mathworks,695
mathworks,697
mathworks,741
mathworks,836
mathworks,1130
mathworks,1163
mathworks,1319
