microsoft,1
microsoft,2
microsoft,3
microsoft,4
microsoft,5
microsoft,6
microsoft,7
microsoft,8
microsoft,9
microsoft,10
microsoft,11
microsoft,12
microsoft,13
microsoft,14
microsoft,15
microsoft,16
microsoft,17
microsoft,18
microsoft,19
microsoft,20
microsoft,21
microsoft,22
microsoft,23
microsoft,24
microsoft,25
microsoft,26
microsoft,27
microsoft,28
microsoft,29
microsoft,30
microsoft,31
microsoft,32
microsoft,33
microsoft,34
microsoft,35
microsoft,36
microsoft,37
microsoft,38
microsoft,39
microsoft,40
microsoft,41
microsoft,42
microsoft,43
microsoft,44
microsoft,45
microsoft,46
microsoft,47
microsoft,48
microsoft,49
microsoft,50
microsoft,51
microsoft,53
microsoft,54
microsoft,55
microsoft,56
microsoft,57
microsoft,59
microsoft,60
microsoft,61
microsoft,62
microsoft,63
microsoft,64
microsoft,65
microsoft,67
microsoft,68
microsoft,69
microsoft,70
microsoft,71
microsoft,72
microsoft,73
microsoft,74
microsoft,75
microsoft,76
microsoft,77
microsoft,78
microsoft,79
microsoft,81
microsoft,82
microsoft,83
microsoft,84
microsoft,85
microsoft,86
microsoft,88
microsoft,89
microsoft,90
microsoft,91
microsoft,92
microsoft,93
microsoft,94
microsoft,95
microsoft,96
microsoft,97
microsoft,98
microsoft,99
microsoft,100
microsoft,101
microsoft,102
microsoft,103
microsoft,104
microsoft,105
microsoft,106
microsoft,107
microsoft,108
microsoft,109
microsoft,110
microsoft,111
microsoft,112
microsoft,113
microsoft,114
microsoft,116
microsoft,117
microsoft,118
microsoft,120
microsoft,121
microsoft,122
microsoft,123
microsoft,124
microsoft,125
microsoft,126
microsoft,127
microsoft,128
microsoft,129
microsoft,131
microsoft,133
microsoft,134
microsoft,135
microsoft,136
microsoft,138
microsoft,139
microsoft,140
microsoft,141
microsoft,142
microsoft,143
microsoft,144
microsoft,146
microsoft,147
microsoft,148
microsoft,149
microsoft,150
microsoft,151
microsoft,152
microsoft,153
microsoft,155
microsoft,158
microsoft,159
microsoft,160
microsoft,161
microsoft,162
microsoft,165
microsoft,166
microsoft,167
microsoft,168
microsoft,169
microsoft,171
microsoft,172
microsoft,173
microsoft,174
microsoft,176
microsoft,179
microsoft,186
microsoft,187
microsoft,189
microsoft,191
microsoft,198
microsoft,199
microsoft,200
microsoft,202
microsoft,203
microsoft,204
microsoft,205
microsoft,206
microsoft,207
microsoft,208
microsoft,209
microsoft,210
microsoft,211
microsoft,212
microsoft,213
microsoft,214
microsoft,215
microsoft,216
microsoft,217
microsoft,218
microsoft,219
microsoft,220
microsoft,221
microsoft,222
microsoft,223
microsoft,224
microsoft,225
microsoft,226
microsoft,227
microsoft,228
microsoft,229
microsoft,230
microsoft,231
microsoft,232
microsoft,234
microsoft,235
microsoft,236
microsoft,237
microsoft,238
microsoft,239
microsoft,240
microsoft,242
microsoft,243
microsoft,252
microsoft,253
microsoft,256
microsoft,257
microsoft,258
microsoft,266
microsoft,267
microsoft,268
microsoft,269
microsoft,270
microsoft,271
microsoft,273
microsoft,277
microsoft,278
microsoft,279
microsoft,280
microsoft,281
microsoft,282
microsoft,283
microsoft,284
microsoft,285
microsoft,286
microsoft,287
microsoft,289
microsoft,290
microsoft,295
microsoft,297
microsoft,299
microsoft,300
microsoft,303
microsoft,304
microsoft,305
microsoft,308
microsoft,311
microsoft,314
microsoft,315
microsoft,316
microsoft,317
microsoft,322
microsoft,323
microsoft,325
microsoft,328
microsoft,329
microsoft,332
microsoft,333
microsoft,338
microsoft,340
microsoft,341
microsoft,344
microsoft,346
microsoft,347
microsoft,348
microsoft,349
microsoft,350
microsoft,351
microsoft,354
microsoft,358
microsoft,359
microsoft,362
microsoft,365
microsoft,367
microsoft,373
microsoft,378
microsoft,379
microsoft,380
microsoft,381
microsoft,383
microsoft,384
microsoft,387
microsoft,394
microsoft,397
microsoft,399
microsoft,402
microsoft,403
microsoft,405
microsoft,406
microsoft,407
microsoft,412
microsoft,413
microsoft,414
microsoft,415
microsoft,416
microsoft,417
microsoft,419
microsoft,426
microsoft,428
microsoft,430
microsoft,431
microsoft,432
microsoft,435
microsoft,437
microsoft,438
microsoft,442
microsoft,443
microsoft,445
microsoft,448
microsoft,449
microsoft,450
microsoft,452
microsoft,457
microsoft,459
microsoft,460
microsoft,463
microsoft,468
microsoft,470
microsoft,472
microsoft,480
microsoft,485
microsoft,489
microsoft,490
microsoft,493
microsoft,494
microsoft,496
microsoft,498
microsoft,503
microsoft,509
microsoft,510
microsoft,513
microsoft,515
microsoft,516
microsoft,518
microsoft,523
microsoft,525
microsoft,528
microsoft,529
microsoft,532
microsoft,535
microsoft,540
microsoft,541
microsoft,543
microsoft,545
microsoft,547
microsoft,556
microsoft,557
microsoft,560
microsoft,564
microsoft,567
microsoft,568
microsoft,572
microsoft,575
microsoft,591
microsoft,609
microsoft,611
microsoft,612
microsoft,621
microsoft,622
microsoft,630
microsoft,631
microsoft,632
microsoft,636
microsoft,642
microsoft,643
microsoft,647
microsoft,650
microsoft,651
microsoft,652
microsoft,653
microsoft,654
microsoft,655
microsoft,658
microsoft,662
microsoft,669
microsoft,670
microsoft,671
microsoft,672
microsoft,674
microsoft,676
microsoft,679
microsoft,680
microsoft,681
microsoft,683
microsoft,688
microsoft,692
microsoft,694
microsoft,695
microsoft,698
microsoft,701
microsoft,702
microsoft,703
microsoft,704
microsoft,706
microsoft,707
microsoft,708
microsoft,716
microsoft,717
microsoft,721
microsoft,722
microsoft,724
microsoft,727
microsoft,729
microsoft,733
microsoft,735
microsoft,739
microsoft,743
microsoft,759
microsoft,767
microsoft,768
microsoft,769
microsoft,772
microsoft,773
microsoft,784
microsoft,785
microsoft,787
microsoft,788
microsoft,794
microsoft,796
microsoft,805
microsoft,819
microsoft,828
microsoft,832
microsoft,833
microsoft,836
microsoft,843
microsoft,844
microsoft,845
microsoft,852
microsoft,863
microsoft,867
microsoft,871
microsoft,872
microsoft,876
microsoft,884
microsoft,886
microsoft,887
microsoft,895
microsoft,901
microsoft,905
microsoft,907
microsoft,909
microsoft,917
microsoft,929
microsoft,934
microsoft,935
microsoft,938
microsoft,939
microsoft,950
microsoft,953
microsoft,958
microsoft,969
microsoft,972
microsoft,973
microsoft,977
microsoft,979
microsoft,981
microsoft,987
microsoft,993
microsoft,994
microsoft,1004
microsoft,1006
microsoft,1008
microsoft,1013
microsoft,1019
microsoft,1027
microsoft,1038
microsoft,1044
microsoft,1053
microsoft,1062
microsoft,1079
microsoft,1091
microsoft,1092
microsoft,1093
microsoft,1104
microsoft,1114
microsoft,1116
microsoft,1122
microsoft,1131
microsoft,1136
microsoft,1143
microsoft,1145
microsoft,1155
microsoft,1156
microsoft,1185
microsoft,1188
microsoft,1192
microsoft,1197
microsoft,1198
microsoft,1206
microsoft,1229
microsoft,1236
microsoft,1239
microsoft,1246
microsoft,1249
microsoft,1273
microsoft,1285
microsoft,1304
microsoft,1306
microsoft,1318
microsoft,1324
microsoft,1339
microsoft,1344
microsoft,1369
microsoft,1371
microsoft,1375
microsoft,1381
microsoft,1386
microsoft,1394
microsoft,1415
microsoft,1417
microsoft,1448
microsoft,1458
microsoft,1469
microsoft,1470
microsoft,1474
microsoft,1510
microsoft,1518
microsoft,1523
microsoft,1528
microsoft,1539
