oracle,1
oracle,2
oracle,3
oracle,4
oracle,5
oracle,7
oracle,8
oracle,9
oracle,10
oracle,11
oracle,12
oracle,13
oracle,14
oracle,15
oracle,17
oracle,19
oracle,20
oracle,21
oracle,23
oracle,24
oracle,26
oracle,28
oracle,29
oracle,32
oracle,33
oracle,34
oracle,36
oracle,37
oracle,38
oracle,41
oracle,42
oracle,43
oracle,44
oracle,45
oracle,46
oracle,49
oracle,50
oracle,51
oracle,53
oracle,54
oracle,55
oracle,56
oracle,57
oracle,59
oracle,62
oracle,67
oracle,70
oracle,71
oracle,73
oracle,75
oracle,76
oracle,79
oracle,88
oracle,91
oracle,92
oracle,94
oracle,98
oracle,101
oracle,102
oracle,103
oracle,105
oracle,107
oracle,108
oracle,109
oracle,112
oracle,113
oracle,114
oracle,116
oracle,117
oracle,119
oracle,121
oracle,122
oracle,125
oracle,126
oracle,127
oracle,128
oracle,136
oracle,138
oracle,139
oracle,140
oracle,141
oracle,146
oracle,150
oracle,151
oracle,152
oracle,153
oracle,155
oracle,160
oracle,163
oracle,169
oracle,173
oracle,179
oracle,184
oracle,195
oracle,199
oracle,200
oracle,204
oracle,205
oracle,206
oracle,207
oracle,208
oracle,209
oracle,210
oracle,212
oracle,214
oracle,215
oracle,217
oracle,221
oracle,227
oracle,230
oracle,232
oracle,235
oracle,236
oracle,238
oracle,239
oracle,240
oracle,242
oracle,243
oracle,253
oracle,264
oracle,268
oracle,273
oracle,283
oracle,284
oracle,287
oracle,289
oracle,295
oracle,297
oracle,300
oracle,305
oracle,314
oracle,315
oracle,322
oracle,340
oracle,341
oracle,344
oracle,347
oracle,349
oracle,350
oracle,352
oracle,355
oracle,362
oracle,380
oracle,394
oracle,402
oracle,403
oracle,412
oracle,415
oracle,417
oracle,425
oracle,426
oracle,437
oracle,438
oracle,445
oracle,449
oracle,450
oracle,456
oracle,496
oracle,503
oracle,505
oracle,518
oracle,529
oracle,532
oracle,535
oracle,543
oracle,545
oracle,554
oracle,560
oracle,599
oracle,609
oracle,617
oracle,621
oracle,622
oracle,636
oracle,652
oracle,692
oracle,694
oracle,695
oracle,706
oracle,707
oracle,715
oracle,721
oracle,722
oracle,741
oracle,767
oracle,794
oracle,796
oracle,819
oracle,836
oracle,844
oracle,863
oracle,876
oracle,894
oracle,905
oracle,938
oracle,958
oracle,965
oracle,973
oracle,977
oracle,981
oracle,986
oracle,1008
oracle,1044
oracle,1047
oracle,1170
oracle,1188
oracle,1190
oracle,1197
oracle,1212
oracle,1236
oracle,1242
oracle,1305
oracle,1380
oracle,1410
