palantir-technologies,10
palantir-technologies,42
palantir-technologies,48
palantir-technologies,53
palantir-technologies,56
palantir-technologies,136
palantir-technologies,146
palantir-technologies,200
palantir-technologies,217
palantir-technologies,219
palantir-technologies,220
palantir-technologies,273
palantir-technologies,277
palantir-technologies,285
palantir-technologies,303
palantir-technologies,325
palantir-technologies,393
palantir-technologies,539
palantir-technologies,695
palantir-technologies,733
