paypal,1
paypal,2
paypal,3
paypal,5
paypal,6
paypal,12
paypal,15
paypal,20
paypal,21
paypal,25
paypal,28
paypal,33
paypal,46
paypal,53
paypal,54
paypal,56
paypal,68
paypal,72
paypal,73
paypal,75
paypal,82
paypal,104
paypal,121
paypal,128
paypal,134
paypal,146
paypal,167
paypal,189
paypal,199
paypal,200
paypal,203
paypal,206
paypal,207
paypal,224
paypal,227
paypal,236
paypal,238
paypal,240
paypal,242
paypal,243
paypal,253
paypal,273
paypal,283
paypal,322
paypal,324
paypal,344
paypal,416
paypal,532
paypal,557
paypal,735
paypal,876
paypal,973
paypal,977
paypal,1041
paypal,1047
paypal,1229
paypal,1297
paypal,1473
paypal,1497
