pinterest,14
pinterest,36
pinterest,56
pinterest,68
pinterest,79
pinterest,91
pinterest,126
pinterest,127
pinterest,139
pinterest,140
pinterest,146
pinterest,158
pinterest,202
pinterest,208
pinterest,210
pinterest,224
pinterest,236
pinterest,239
pinterest,254
pinterest,261
pinterest,269
pinterest,277
pinterest,295
pinterest,341
pinterest,362
pinterest,380
pinterest,392
pinterest,428
pinterest,564
pinterest,571
pinterest,621
pinterest,632
pinterest,698
pinterest,718
pinterest,720
pinterest,726
pinterest,759
pinterest,770
pinterest,772
pinterest,811
pinterest,935
pinterest,986
