salesforce,1
salesforce,2
salesforce,3
salesforce,12
salesforce,15
salesforce,17
salesforce,20
salesforce,22
salesforce,23
salesforce,33
salesforce,36
salesforce,41
salesforce,42
salesforce,46
salesforce,48
salesforce,49
salesforce,53
salesforce,56
salesforce,71
salesforce,73
salesforce,76
salesforce,82
salesforce,83
salesforce,98
salesforce,101
salesforce,127
salesforce,135
salesforce,139
salesforce,146
salesforce,151
salesforce,153
salesforce,179
salesforce,200
salesforce,205
salesforce,207
salesforce,211
salesforce,212
salesforce,215
salesforce,218
salesforce,226
salesforce,232
salesforce,236
salesforce,238
salesforce,240
salesforce,251
salesforce,287
salesforce,295
salesforce,297
salesforce,300
salesforce,314
salesforce,348
salesforce,350
salesforce,353
salesforce,380
salesforce,384
salesforce,394
salesforce,412
salesforce,460
salesforce,532
salesforce,547
salesforce,557
salesforce,642
salesforce,692
salesforce,706
salesforce,724
salesforce,780
salesforce,895
salesforce,1051
salesforce,1150
salesforce,1283
