snapchat,1
snapchat,3
snapchat,14
snapchat,15
snapchat,22
snapchat,33
snapchat,36
snapchat,37
snapchat,39
snapchat,40
snapchat,42
snapchat,44
snapchat,49
snapchat,54
snapchat,56
snapchat,62
snapchat,63
snapchat,68
snapchat,76
snapchat,79
snapchat,91
snapchat,96
snapchat,121
snapchat,127
snapchat,139
snapchat,140
snapchat,146
snapchat,151
snapchat,155
snapchat,161
snapchat,169
snapchat,189
snapchat,200
snapchat,206
snapchat,210
snapchat,212
snapchat,215
snapchat,224
snapchat,227
snapchat,234
snapchat,238
snapchat,242
snapchat,253
snapchat,269
snapchat,270
snapchat,282
snapchat,289
snapchat,295
snapchat,296
snapchat,297
snapchat,305
snapchat,310
snapchat,311
snapchat,312
snapchat,314
snapchat,317
snapchat,329
snapchat,332
snapchat,340
snapchat,341
snapchat,344
snapchat,347
snapchat,362
snapchat,377
snapchat,394
snapchat,402
snapchat,403
snapchat,415
snapchat,439
snapchat,443
snapchat,460
snapchat,480
snapchat,527
snapchat,557
snapchat,560
snapchat,632
snapchat,635
snapchat,642
snapchat,653
snapchat,658
snapchat,716
snapchat,733
snapchat,772
snapchat,839
snapchat,964
snapchat,986
snapchat,1031
snapchat,1146
