twitter,1
twitter,10
twitter,12
twitter,20
twitter,23
twitter,36
twitter,42
twitter,43
twitter,44
twitter,56
twitter,57
twitter,60
twitter,68
twitter,76
twitter,84
twitter,91
twitter,101
twitter,105
twitter,106
twitter,118
twitter,124
twitter,133
twitter,139
twitter,140
twitter,146
twitter,149
twitter,161
twitter,169
twitter,200
twitter,202
twitter,206
twitter,208
twitter,210
twitter,218
twitter,235
twitter,239
twitter,251
twitter,256
twitter,269
twitter,271
twitter,295
twitter,296
twitter,307
twitter,323
twitter,341
twitter,346
twitter,355
twitter,378
twitter,380
twitter,407
twitter,433
twitter,468
twitter,482
twitter,490
twitter,496
twitter,528
twitter,532
twitter,540
twitter,547
twitter,580
twitter,585
twitter,586
twitter,608
twitter,635
twitter,647
twitter,679
twitter,706
twitter,716
twitter,767
twitter,780
twitter,814
twitter,831
twitter,868
twitter,920
twitter,945
twitter,981
twitter,1041
twitter,1206
twitter,1326
twitter,1347
twitter,1348
twitter,1459
