uber,1
uber,2
uber,3
uber,4
uber,5
uber,6
uber,7
uber,8
uber,10
uber,11
uber,13
uber,15
uber,16
uber,17
uber,20
uber,21
uber,22
uber,23
uber,24
uber,26
uber,31
uber,32
uber,33
uber,34
uber,36
uber,37
uber,39
uber,40
uber,41
uber,42
uber,43
uber,45
uber,46
uber,47
uber,48
uber,49
uber,50
uber,51
uber,53
uber,54
uber,55
uber,56
uber,57
uber,59
uber,62
uber,64
uber,66
uber,68
uber,69
uber,70
uber,72
uber,74
uber,75
uber,76
uber,78
uber,79
uber,85
uber,88
uber,91
uber,94
uber,97
uber,98
uber,99
uber,101
uber,102
uber,104
uber,114
uber,118
uber,121
uber,122
uber,124
uber,125
uber,126
uber,127
uber,128
uber,130
uber,131
uber,133
uber,135
uber,138
uber,139
uber,140
uber,145
uber,146
uber,149
uber,150
uber,152
uber,153
uber,154
uber,155
uber,158
uber,161
uber,162
uber,166
uber,171
uber,173
uber,177
uber,186
uber,189
uber,198
uber,199
uber,200
uber,202
uber,203
uber,206
uber,207
uber,208
uber,210
uber,211
uber,212
uber,215
uber,218
uber,221
uber,224
uber,227
uber,228
uber,229
uber,230
uber,232
uber,235
uber,236
uber,238
uber,239
uber,242
uber,243
uber,244
uber,249
uber,251
uber,253
uber,254
uber,255
uber,262
uber,264
uber,266
uber,267
uber,269
uber,273
uber,277
uber,278
uber,279
uber,282
uber,283
uber,286
uber,289
uber,290
uber,291
uber,295
uber,297
uber,298
uber,299
uber,300
uber,301
uber,305
uber,311
uber,315
uber,317
uber,322
uber,329
uber,332
uber,334
uber,336
uber,337
uber,338
uber,339
uber,340
uber,341
uber,344
uber,346
uber,347
uber,348
uber,349
uber,350
uber,353
uber,359
uber,361
uber,362
uber,365
uber,373
uber,376
uber,378
uber,380
uber,381
uber,388
uber,391
uber,395
uber,398
uber,399
uber,416
uber,420
uber,426
uber,427
uber,428
uber,430
uber,432
uber,437
uber,438
uber,445
uber,449
uber,450
uber,451
uber,460
uber,465
uber,468
uber,486
uber,490
uber,493
uber,516
uber,518
uber,527
uber,528
uber,529
uber,535
uber,542
uber,547
uber,552
uber,560
uber,564
uber,567
uber,568
uber,581
uber,591
uber,601
uber,611
uber,621
uber,636
uber,640
uber,642
uber,646
uber,647
uber,648
uber,652
uber,655
uber,658
uber,662
uber,668
uber,670
uber,671
uber,679
uber,681
uber,690
uber,692
uber,694
uber,695
uber,699
uber,706
uber,710
uber,722
uber,729
uber,733
uber,735
uber,739
uber,740
uber,741
uber,752
uber,757
uber,759
uber,767
uber,769
uber,772
uber,773
uber,780
uber,791
uber,805
uber,815
uber,826
uber,827
uber,829
uber,837
uber,844
uber,852
uber,855
uber,863
uber,889
uber,895
uber,909
uber,918
uber,934
uber,936
uber,941
uber,954
uber,959
uber,968
uber,969
uber,973
uber,977
uber,979
uber,981
uber,983
uber,986
uber,992
uber,1011
uber,1019
uber,1038
uber,1039
uber,1064
uber,1091
uber,1135
uber,1136
uber,1146
uber,1171
uber,1188
uber,1229
uber,1278
uber,1281
uber,1334
uber,1385
uber,1400
uber,1462
