vmware,1
vmware,2
vmware,3
vmware,4
vmware,5
vmware,8
vmware,11
vmware,15
vmware,16
vmware,17
vmware,19
vmware,20
vmware,21
vmware,23
vmware,25
vmware,26
vmware,28
vmware,33
vmware,36
vmware,37
vmware,39
vmware,41
vmware,46
vmware,47
vmware,49
vmware,50
vmware,55
vmware,56
vmware,62
vmware,63
vmware,72
vmware,75
vmware,76
vmware,79
vmware,80
vmware,85
vmware,88
vmware,93
vmware,97
vmware,98
vmware,101
vmware,102
vmware,109
vmware,113
vmware,116
vmware,121
vmware,124
vmware,127
vmware,133
vmware,139
vmware,141
vmware,146
vmware,150
vmware,151
vmware,153
vmware,162
vmware,186
vmware,199
vmware,200
vmware,206
vmware,215
vmware,221
vmware,226
vmware,230
vmware,234
vmware,238
vmware,239
vmware,243
vmware,268
vmware,269
vmware,277
vmware,287
vmware,295
vmware,297
vmware,300
vmware,304
vmware,322
vmware,341
vmware,347
vmware,380
vmware,394
vmware,402
vmware,416
vmware,426
vmware,460
vmware,525
vmware,556
vmware,609
vmware,621
vmware,647
vmware,692
vmware,697
vmware,698
vmware,706
vmware,733
vmware,829
vmware,905
vmware,977
vmware,981
vmware,1048
vmware,1209
vmware,1328
