yahoo,1
yahoo,2
yahoo,3
yahoo,4
yahoo,5
yahoo,7
yahoo,9
yahoo,11
yahoo,12
yahoo,13
yahoo,15
yahoo,17
yahoo,18
yahoo,20
yahoo,21
yahoo,22
yahoo,23
yahoo,28
yahoo,32
yahoo,33
yahoo,34
yahoo,42
yahoo,46
yahoo,49
yahoo,53
yahoo,56
yahoo,60
yahoo,72
yahoo,75
yahoo,76
yahoo,77
yahoo,78
yahoo,79
yahoo,88
yahoo,93
yahoo,95
yahoo,98
yahoo,102
yahoo,103
yahoo,104
yahoo,105
yahoo,108
yahoo,114
yahoo,121
yahoo,122
yahoo,126
yahoo,131
yahoo,138
yahoo,139
yahoo,141
yahoo,146
yahoo,160
yahoo,162
yahoo,168
yahoo,169
yahoo,175
yahoo,176
yahoo,178
yahoo,200
yahoo,204
yahoo,205
yahoo,206
yahoo,207
yahoo,212
yahoo,215
yahoo,217
yahoo,222
yahoo,225
yahoo,232
yahoo,236
yahoo,237
yahoo,238
yahoo,240
yahoo,242
yahoo,260
yahoo,273
yahoo,274
yahoo,283
yahoo,284
yahoo,295
yahoo,297
yahoo,316
yahoo,322
yahoo,334
yahoo,347
yahoo,362
yahoo,378
yahoo,384
yahoo,387
yahoo,394
yahoo,416
yahoo,445
yahoo,448
yahoo,450
yahoo,479
yahoo,491
yahoo,503
yahoo,509
yahoo,518
yahoo,557
yahoo,560
yahoo,567
yahoo,605
yahoo,624
yahoo,669
yahoo,680
yahoo,693
yahoo,746
yahoo,771
yahoo,863
yahoo,973
yahoo,1030
yahoo,1108
yahoo,1168
