yandex,1
yandex,2
yandex,3
yandex,4
yandex,5
yandex,15
yandex,16
yandex,19
yandex,20
yandex,21
yandex,22
yandex,23
yandex,28
yandex,33
yandex,34
yandex,42
yandex,48
yandex,49
yandex,56
yandex,59
yandex,71
yandex,88
yandex,98
yandex,101
yandex,125
yandex,146
yandex,150
yandex,204
yandex,206
yandex,228
yandex,232
yandex,279
yandex,281
yandex,283
yandex,332
yandex,350
yandex,380
yandex,443
yandex,449
yandex,487
yandex,560
yandex,567
yandex,933
yandex,974
yandex,1004
yandex,1493
